flight_month,arrival_delay_minutes
2025-01,7.632352941176471
2025-02,8.573333333333334
2025-03,3.4444444444444446
2025-04,4.938271604938271
2025-05,7.8478260869565215
2025-06,7.0606060606060606
