origin,on_time_percentage
DEN,40.65934065934066
LAS,43.15789473684211
LAX,36.470588235294116
PHX,47.43589743589743
SFO,37.5
